{
  "HTTP Request0" : {
    "transaction" : "HTTP Request0",
    "sampleCount" : 3,
    "errorCount" : 0,
    "errorPct" : 0.0,
    "meanResTime" : 558.6666666666666,
    "medianResTime" : 539.0,
    "minResTime" : 417.0,
    "maxResTime" : 720.0,
    "pct1ResTime" : 720.0,
    "pct2ResTime" : 720.0,
    "pct3ResTime" : 720.0,
    "throughput" : 3.22234156820623,
    "receivedKBytesPerSec" : 8.288718447905477,
    "sentKBytesPerSec" : 0.44055451127819545
  },
  "HTTP Request2" : {
    "transaction" : "HTTP Request2",
    "sampleCount" : 3,
    "errorCount" : 0,
    "errorPct" : 0.0,
    "meanResTime" : 144.66666666666666,
    "medianResTime" : 147.0,
    "minResTime" : 139.0,
    "maxResTime" : 148.0,
    "pct1ResTime" : 148.0,
    "pct2ResTime" : 148.0,
    "pct3ResTime" : 148.0,
    "throughput" : 8.645533141210375,
    "receivedKBytesPerSec" : 23.800544848703172,
    "sentKBytesPerSec" : 1.215778097982709
  },
  "HTTP Request1" : {
    "transaction" : "HTTP Request1",
    "sampleCount" : 3,
    "errorCount" : 0,
    "errorPct" : 0.0,
    "meanResTime" : 140.0,
    "medianResTime" : 140.0,
    "minResTime" : 139.0,
    "maxResTime" : 141.0,
    "pct1ResTime" : 141.0,
    "pct2ResTime" : 141.0,
    "pct3ResTime" : 141.0,
    "throughput" : 8.595988538681949,
    "receivedKBytesPerSec" : 22.72396579512894,
    "sentKBytesPerSec" : 1.208810888252149
  },
  "Total" : {
    "transaction" : "Total",
    "sampleCount" : 9,
    "errorCount" : 0,
    "errorPct" : 0.0,
    "meanResTime" : 281.1111111111111,
    "medianResTime" : 147.0,
    "minResTime" : 139.0,
    "maxResTime" : 720.0,
    "pct1ResTime" : 720.0,
    "pct2ResTime" : 720.0,
    "pct3ResTime" : 720.0,
    "throughput" : 7.444168734491315,
    "receivedKBytesPerSec" : 19.773573200992555,
    "sentKBytesPerSec" : 1.037143300248139
  },
  "Groupe0" : {
    "transaction" : "Groupe0",
    "sampleCount" : 3,
    "errorCount" : 0,
    "errorPct" : 0.0,
    "meanResTime" : 894.6666666666666,
    "medianResTime" : 829.0,
    "minResTime" : 697.0,
    "maxResTime" : 1158.0,
    "pct1ResTime" : 1158.0,
    "pct2ResTime" : 1158.0,
    "pct3ResTime" : 1158.0,
    "throughput" : 2.210759027266028,
    "receivedKBytesPerSec" : 17.61698599852616,
    "sentKBytesPerSec" : 0.9240281871775976
  }
}